sku,title,make,model,year_from,year_to,haynes_number,isbn,condition,price_gbp,quantity,category_id,description,condition_description,image_urls,packing_note,photo_ids
BB-003,Haynes Manual BMW 3 Series 2005-2008 Service & Repair Workshop,BMW,3 Series,2005,2008,,,NEW,20.00,3,183721,"Haynes Manual BMW 3 Series 2005-2008 Service & Repair Workshop. Haynes workshop manual covering routine maintenance, servicing and repair. Brand new and still sealed. RRP £24.00.",,,,
BB-004,Haynes Manual BMW 3 Series 1998-2006 Service & Repair Workshop,BMW,3 Series,1998,2006,,,USED_ACCEPTABLE,20.00,1,183721,"Haynes Manual BMW 3 Series 1998-2006 Service & Repair Workshop. Haynes workshop manual covering routine maintenance, servicing and repair.",Damaged.,,,
BB-007,Haynes Manual BMW 5 Series 2003-2010 Hardback Service & Repair Workshop,BMW,5 Series Hardback,2003,2010,,,NEW,20.00,1,183721,"Haynes Manual BMW 5 Series 2003-2010 Hardback Service & Repair Workshop. Hardback edition. Haynes workshop manual covering routine maintenance, servicing and repair. Brand new and still sealed. RRP £24.00.",,,,
BB-014,Haynes Manual Ford Focus 2005-2011 Petrol Service & Repair Workshop,Ford,Focus Petrol,2005,2011,,,NEW,20.00,1,183721,"Haynes Manual Ford Focus 2005-2011 Petrol Service & Repair Workshop. Haynes workshop manual covering routine maintenance, servicing and repair. Brand new and still sealed. RRP £24.00.",,,,
BB-016,Haynes Manual Ford Focus 2011-2014 Service & Repair Workshop,Ford,Focus,2011,2014,,,NEW,20.00,1,183721,"Haynes Manual Ford Focus 2011-2014 Service & Repair Workshop. Haynes workshop manual covering routine maintenance, servicing and repair. Brand new and still sealed. RRP £24.00.",,,,
BB-024,Haynes Manual Fiat 500 & Panda 2004-2012 Service & Repair Workshop,Fiat,500 & Panda,2004,2012,,,NEW,20.00,1,183721,"Haynes Manual Fiat 500 & Panda 2004-2012 Service & Repair Workshop. Haynes workshop manual covering routine maintenance, servicing and repair. Brand new and still sealed. RRP £24.00.",,,,
BB-026,Haynes Manual Honda Civic 2006-2012 Service & Repair Workshop,Honda,Civic,2006,2012,,,NEW,20.00,2,183721,"Haynes Manual Honda Civic 2006-2012 Service & Repair Workshop. Haynes workshop manual covering routine maintenance, servicing and repair. Brand new and still sealed. RRP £24.00.",,,,
BB-028,Haynes Manual Land Rover Defender 2007-2016 Service & Repair Workshop,Land Rover,Defender,2007,2016,,,NEW,20.00,1,183721,"Haynes Manual Land Rover Defender 2007-2016 Service & Repair Workshop. Haynes workshop manual covering routine maintenance, servicing and repair. Brand new and still sealed. RRP £24.00.",,,,
BB-029,Haynes Manual Land Rover Discovery 1989-1998 Service & Repair Workshop,Land Rover,Discovery,1989,1998,,,NEW,20.00,1,183721,"Haynes Manual Land Rover Discovery 1989-1998 Service & Repair Workshop. Haynes workshop manual covering routine maintenance, servicing and repair. Brand new and still sealed. RRP £24.00.",,,,
BB-030,Haynes Manual Land Rover Discovery 2004-2009 Diesel Service & Repair Workshop,Land Rover,Discovery Diesel,2004,2009,,,NEW,20.00,2,183721,"Haynes Manual Land Rover Discovery 2004-2009 Diesel Service & Repair Workshop. Haynes workshop manual covering routine maintenance, servicing and repair. Brand new and still sealed. RRP £24.00.",,,,
BB-032,Haynes Manual Mini 2014-2018 Service & Repair Workshop,Mini,,2014,2018,,,NEW,20.00,2,183721,"Haynes Manual Mini 2014-2018 Service & Repair Workshop. Haynes workshop manual covering routine maintenance, servicing and repair. Brand new and still sealed. RRP £24.00.",,,,
BB-039,Haynes Manual Renault Clio 2009-2012 Petrol & Diesel Service & Repair Workshop,Renault,Clio Petrol & Diesel,2009,2012,,,NEW,20.00,1,183721,"Haynes Manual Renault Clio 2009-2012 Petrol & Diesel Service & Repair Workshop. Haynes workshop manual covering routine maintenance, servicing and repair. Brand new and still sealed. RRP £24.00.",,,,
BB-042,Haynes Manual Skoda Octavia 2004-2013 Diesel Service & Repair Workshop,Skoda,Octavia Diesel,2004,2013,,,NEW,20.00,1,183721,"Haynes Manual Skoda Octavia 2004-2013 Diesel Service & Repair Workshop. Haynes workshop manual covering routine maintenance, servicing and repair. Brand new and still sealed. RRP £24.00.",,,needs sealing,
BB-046,Haynes Manual Vauxhall Corsa 2006-2010 Petrol & Diesel Service & Repair Workshop,Vauxhall,Corsa Petrol & Diesel,2006,2010,,,NEW,20.00,1,183721,"Haynes Manual Vauxhall Corsa 2006-2010 Petrol & Diesel Service & Repair Workshop. Haynes workshop manual covering routine maintenance, servicing and repair. Brand new and still sealed. RRP £24.00.",,,,
BB-050,Haynes Manual Volvo S40 & V50 2004-2013 Petrol & Diesel Service & Repair,Volvo,S40 & V50 Petrol & Diesel,2004,2013,,,NEW,20.00,2,183721,"Haynes Manual Volvo S40 & V50 2004-2013 Petrol & Diesel Service & Repair. Haynes workshop manual covering routine maintenance, servicing and repair. Brand new and still sealed. RRP £24.00.",,,1 of 2 needs sealing,
BB-052,Haynes Manual VW Golf 2009-2012 Petrol & Diesel Service & Repair Workshop,VW,Golf Petrol & Diesel,2009,2012,,,NEW,20.00,1,183721,"Haynes Manual VW Golf 2009-2012 Petrol & Diesel Service & Repair Workshop. Haynes workshop manual covering routine maintenance, servicing and repair. Brand new and still sealed. RRP £24.00.",,,,
BB-055,Haynes Manual VW Passat 2011-2014 Diesel Service & Repair Workshop,VW,Passat Diesel,2011,2014,,,NEW,20.00,1,183721,"Haynes Manual VW Passat 2011-2014 Diesel Service & Repair Workshop. Haynes workshop manual covering routine maintenance, servicing and repair. Brand new and still sealed. RRP £24.00.",,,,
BB-056,Haynes Manual VW Polo 2002-2009 Petrol & Diesel Service & Repair Workshop,VW,Polo Petrol & Diesel,2002,2009,,,NEW,20.00,2,183721,"Haynes Manual VW Polo 2002-2009 Petrol & Diesel Service & Repair Workshop. Haynes workshop manual covering routine maintenance, servicing and repair. Brand new and still sealed. RRP £24.00.",,,,
BB-057,Haynes Manual VW Touran 2003-2015 Diesel Service & Repair Workshop,VW,Touran Diesel,2003,2015,,,NEW,20.00,1,183721,"Haynes Manual VW Touran 2003-2015 Diesel Service & Repair Workshop. Haynes workshop manual covering routine maintenance, servicing and repair. Brand new and still sealed. RRP £24.00.",,,,
