sku,title,card_condition,start_price_gbp,buy_it_now_price_gbp,listing_duration,description,image_urls
PC-001,Vaporeon EX 24/83 Generations Radiant Collection Holo Pokemon,NM,15.00,30.00,DAYS_7,"Vaporeon EX 24/83, Generations Radiant Collection. Raw, ungraded.",https://brightside-images.vercel.app/IMG_7493.JPEG|https://brightside-images.vercel.app/IMG_7494.JPEG
PC-002,Dragonite EX 106/108 XY Evolutions Gold Full Art Secret Rare,NM,25.00,64.00,DAYS_7,"Dragonite EX 106/108, XY Evolutions, gold full art secret rare. Raw, ungraded.",https://brightside-images.vercel.app/IMG_7495.JPEG|https://brightside-images.vercel.app/IMG_7496.JPEG
PC-003,M Gardevoir EX 112/114 XY Steam Siege Full Art Pokemon,NM,18.00,36.00,DAYS_7,"M Gardevoir EX 112/114, XY Steam Siege, full art. Raw, ungraded.",https://brightside-images.vercel.app/IMG_7497.JPEG|https://brightside-images.vercel.app/IMG_7498.JPEG
PC-004,M Rayquaza EX 105/108 XY Roaring Skies Full Art Pokemon,MP,40.00,530.00,DAYS_7,"M Rayquaza EX 105/108, XY Roaring Skies, full art. Raw, ungraded. Visible crease -- see photos, priced accordingly.",https://brightside-images.vercel.app/IMG_7501.JPEG|https://brightside-images.vercel.app/IMG_7502.JPEG
PC-005,Snorlax GX SM05 Black Star Promo Pokemon,NM,15.00,30.00,DAYS_7,"Snorlax GX, SM05 Black Star Promo. Raw, ungraded.",https://brightside-images.vercel.app/IMG_7503.JPEG|https://brightside-images.vercel.app/IMG_7504.JPEG
PC-006,M Gardevoir EX RC31 Generations Radiant Collection Full Art,NM,15.00,30.00,DAYS_7,"M Gardevoir EX RC31, Generations Radiant Collection, full art. Raw, ungraded.",https://brightside-images.vercel.app/IMG_7505.JPEG|https://brightside-images.vercel.app/IMG_7506.JPEG
PC-007,Glaceon EX 20/124 XY Fates Collide Holo Pokemon,NM,15.00,30.00,DAYS_7,"Glaceon EX 20/124, XY Fates Collide. Raw, ungraded.",https://brightside-images.vercel.app/IMG_7507.JPEG|https://brightside-images.vercel.app/IMG_7508.JPEG
PC-008,Umbreon EX 119/124 XY Fates Collide Full Art Pokemon,LP,35.00,158.00,DAYS_7,"Umbreon EX 119/124, XY Fates Collide, full art. Raw, ungraded. Minor edge/corner wear -- see photos.",https://brightside-images.vercel.app/IMG_7509.JPEG|https://brightside-images.vercel.app/IMG_7510.JPEG
PC-009,Professor Sycamore 114/114 XY Steam Siege Full Art Trainer,NM,15.00,30.00,DAYS_7,"Professor Sycamore 114/114, XY Steam Siege, full art secret rare. Raw, ungraded.",https://brightside-images.vercel.app/IMG_7511.JPEG|https://brightside-images.vercel.app/IMG_7512.JPEG
PC-010,M Pidgeot EX 65/108 XY Evolutions Full Art Pokemon,LP,15.00,30.00,DAYS_7,"M Pidgeot EX 65/108, XY Evolutions, full art. Raw, ungraded. Small crease -- see photos, priced accordingly.",https://brightside-images.vercel.app/IMG_7513.JPEG|https://brightside-images.vercel.app/IMG_7514.JPEG
PC-011,Alakazam EX 25/124 XY Fates Collide Holo Pokemon,NM,15.00,30.00,DAYS_7,"Alakazam EX 25/124, XY Fates Collide. Raw, ungraded.",https://brightside-images.vercel.app/IMG_7515.JPEG|https://brightside-images.vercel.app/IMG_7516.JPEG
PC-012,M Charizard EX XY Evolutions Full Art Secret Rare Pokemon,NM,28.00,74.00,DAYS_7,"M Charizard EX, XY Evolutions, full art secret rare. Raw, ungraded.",https://brightside-images.vercel.app/IMG_7517.JPEG|https://brightside-images.vercel.app/IMG_7518.JPEG
PC-013,Espeon EX 117/122 XY BREAKpoint Full Art Pokemon,LP,35.00,162.00,DAYS_7,"Espeon EX 117/122, XY BREAKpoint, full art. Raw, ungraded. Corner wear -- see photos.",https://brightside-images.vercel.app/IMG_7519.JPEG|https://brightside-images.vercel.app/IMG_7520.JPEG
PC-014,M Tyranitar EX 92/98 XY Ancient Origins Full Art Pokemon,LP,35.00,150.00,DAYS_7,"M Tyranitar EX 92/98, XY Ancient Origins, full art. Raw, ungraded. Minor wear -- see photos.",https://brightside-images.vercel.app/IMG_7521.JPEG|https://brightside-images.vercel.app/IMG_7522.JPEG
PC-015,Misty's Determination 108/108 XY Evolutions Gold Full Art,NM,20.00,40.00,DAYS_7,"Misty's Determination 108/108, XY Evolutions, gold full art secret rare. Raw, ungraded.",https://brightside-images.vercel.app/IMG_7523.JPEG|https://brightside-images.vercel.app/IMG_7524.JPEG
PC-016,Tyranitar EX 91/98 XY Ancient Origins Holo Pokemon,NM,15.00,30.00,DAYS_7,"Tyranitar EX 91/98, XY Ancient Origins. Raw, ungraded.",https://brightside-images.vercel.app/IMG_7525.JPEG|https://brightside-images.vercel.app/IMG_7526.JPEG
PC-017,Charizard EX XY121 Black Star Promo Pokemon,LP,25.00,64.00,DAYS_7,"Charizard EX XY121, Black Star Promo. Raw, ungraded. Corner wear -- see photos.",https://brightside-images.vercel.app/IMG_7527.JPEG|https://brightside-images.vercel.app/IMG_7528.JPEG
PC-018,Pikachu RC29 Generations Radiant Collection Full Art,NM,25.00,64.00,DAYS_7,"Pikachu RC29, Generations Radiant Collection, full art. Raw, ungraded.",https://brightside-images.vercel.app/IMG_7531.JPEG|https://brightside-images.vercel.app/IMG_7532.JPEG
PC-019,Mewtwo EX XY107 Black Star Promo Pokemon,LP,15.00,30.00,DAYS_7,"Mewtwo EX XY107, Black Star Promo. Raw, ungraded. Corner whitening both top corners -- see photos.",https://brightside-images.vercel.app/IMG_7533.JPEG|https://brightside-images.vercel.app/IMG_7534.JPEG
PC-020,Blastoise EX XY122 Black Star Promo Pokemon,NM,30.00,118.00,DAYS_7,"Blastoise EX XY122, Black Star Promo. Raw, ungraded.",https://brightside-images.vercel.app/IMG_7535.JPEG|https://brightside-images.vercel.app/IMG_7536.JPEG
PC-021,Zapdos 29/83 XY Fates Collide Holo Pokemon,NM,15.00,30.00,DAYS_7,"Zapdos 29/83, XY Fates Collide. Raw, ungraded.",https://brightside-images.vercel.app/IMG_7537.JPEG|https://brightside-images.vercel.app/IMG_7538.JPEG
PC-022,Alakazam EX 117/124 XY Fates Collide Full Art Pokemon,LP,15.00,30.00,DAYS_7,"Alakazam EX 117/124, XY Fates Collide, full art. Raw, ungraded. Corner wear -- see photos.",https://brightside-images.vercel.app/IMG_7539.JPEG|https://brightside-images.vercel.app/IMG_7540.JPEG
PC-023,Pikachu EX XY124 Black Star Promo Pokemon,LP,25.00,64.00,DAYS_7,"Pikachu EX XY124, Black Star Promo. Raw, ungraded. Minor corner wear -- see photos.",https://brightside-images.vercel.app/IMG_7541.JPEG|https://brightside-images.vercel.app/IMG_7542.JPEG
PC-024,M Manectric EX 24/119 XY Phantom Forces Full Art Pokemon,NM,15.00,30.00,DAYS_7,"M Manectric EX 24/119, XY Phantom Forces, full art. Raw, ungraded.",https://brightside-images.vercel.app/IMG_7545.JPEG|https://brightside-images.vercel.app/IMG_7546.JPEG
PC-025,M Alakazam EX 118/124 XY Fates Collide Full Art Pokemon,LP,30.00,110.00,DAYS_7,"M Alakazam EX 118/124, XY Fates Collide, full art. Raw, ungraded. Corner wear -- see photos.",https://brightside-images.vercel.app/IMG_7547.JPEG|https://brightside-images.vercel.app/IMG_7548.JPEG
PC-026,Leafeon EX 10/83 XY Fates Collide Holo Pokemon,MP,15.00,30.00,DAYS_7,"Leafeon EX 10/83, XY Fates Collide. Raw, ungraded. Visible crease and bent corner -- see photos, priced accordingly.",https://brightside-images.vercel.app/IMG_7549.JPEG|https://brightside-images.vercel.app/IMG_7550.JPEG
PC-027,Wally 107/108 XY Roaring Skies Full Art Trainer Pokemon,NM,18.00,36.00,DAYS_7,"Wally 107/108, XY Roaring Skies, full art secret rare. Raw, ungraded.",https://brightside-images.vercel.app/IMG_7551.JPEG|https://brightside-images.vercel.app/IMG_7552.JPEG
PC-028,Mewtwo EX 103/108 XY Evolutions Gold Full Art Pokemon,NM,26.00,68.00,DAYS_7,"Mewtwo EX 103/108, XY Evolutions, gold full art secret rare. Raw, ungraded.",https://brightside-images.vercel.app/IMG_7553.JPEG|https://brightside-images.vercel.app/IMG_7554.JPEG
PC-029,Brock's Grit 107/108 XY Evolutions Gold Full Art Trainer,NM,15.00,30.00,DAYS_7,"Brock's Grit 107/108, XY Evolutions, gold full art. Raw, ungraded.",https://brightside-images.vercel.app/IMG_7555.JPEG|https://brightside-images.vercel.app/IMG_7557.JPEG
