code,name,strength,form,size,pip,ean
VP088,Selenium A C & E,OAD,Tablet,30,250-9669,5024874015088
VP559,Brewers Yeast,300mg,Tablet,120,271-0556,5024874016559
VP560,Vitamin D3,5000iu,Tablets,30,421-3690,5024874021560
VP521,Hair Nails & Skin,OAD,Tablets,30,414-3590,5024874015521
VP514,Pregnancy,OAD,Tablets,30,414-3582,5024874015514
VP351,Multi Vitamin Chewable,OAD,Tablets,30,406-1636,5024874016351
VP061,Vitamin D3,1000iu,Tablet,60,359-3258,5024874032061
VP101,Calcium & Vitamin D,400mg,Tablet,30,250-9610,5024874015101
VP347,Folic Acid,400ug,Tablet,90,250-9693,5024874015347
VP187,Garlic,3mg,Tablet,30,403-5220,5024874015187
VP535,Magnesium,187.5mg,Tablet,30,271-0531,5024874016535
VP095,Vitamin B Complex,OAD,Tablet,60,258-7335,5024874015095
VP573,Zinc,10mg,Tablet,60,271-0572,5024874016573
VP033,Cod Liver Oil,400mg,Capsule,30,250-9206,5024874015033
VP583,Cod Liver Oil,550mg,Capsule,30,280-7956,5024874015583
VP361,Multivitamins,OAD,Tablet,50,228-9502,5024874015361
VP040,Multivitamin & Iron,OAD,Tablet,50,250-9651,5024874015040
VP354,Multivitamin & Minerals,OAD,Tablet,25,258-0553,5024874015354
VP064,Vitamin B6,10mg,Tablet,60,250-9628,5024874015064
VP057,Vitamin C Chewable,80mg,Tablet,60,250-9644,5024874015057
VP071,Vitamin E,100iu,Capsule,30,250-9677,5024874015071
VP019,Evening Primrose Oil,500mg,Capsule,30,250-9594,5024874015019
VP150,Cod Liver Oil,1000mg,Capsule,30,294-2845,5024874017150
VP733,Glucosamine Sulphate,500mg,Tablet,30,285-5179,5024874016733
VP579,Glucosamine & Chondroitin,400/100mg,Capsule,30,328-0096,5024874030579
VP740,Glucosamine & Chondroitin,400/100mg,Tablet,30,285-5187,5024874016740
VP801,Omega 3 Oils 18:12,1000mg,Capsule,30,285-5302,5024874016801
VP771,Vitamin C Chewable,500mg,Tablet,30,285-5211,5024874016771
VP221,Vitamin D3,1000iu,Capsule,30,409-1831,5024874032221
VP555,Glucosamine Sulphate,500mg,Capsule,30,328-0302,5024874030555
VP167,Evening Primrose Oil,1000mg,Capsule,30,294-2852,5024874017167
VP630,Vitamin E,400iu,Capsule,30,340-8077,5024874030630
VP658,Cranberry,2000mg,Tablets,30,285-5096,5024874016658
VP439,Vitamin B + C,OAD,Tablets,20,409-2995,5024874015439
VP422,Vitamin C,1000mg,Tablets,20,257-7856,5024874015422
VP507,Vitamin C + Zinc,OAD,Tablets,20,409-3001,5024874015507
VP562,Glucosamine Sulphate,500mg,Capsules,90,328-0278,5024874030562
VP020,Glucosamine Sulphate,500mg,Tablets,90,288-7081,5024874017020
VP586,Glucosamine & Chondroitin,400/100mg,Capsules,90,328-0229,5024874030586
VP037,Glucosamine & Chondroitin,400/100mg,Tablets,90,288-7099,5024874017037
VP051,Omega 3 Fish Oil 18:12,1000mg,Capsules,90,288-7115,5024874017051
VP177,Co-Q-10,30mg,Tablets,30,379-1647,5024874016177
VP122,Hair Nails & Skin,OAD,Tablets,30,379-0110,5024874016122
VP207,Pregnancy,OAD,Tablets,30,297-0945,5024874016207
VP242,Glucosamine & Vitamin C,1500mg,Tablets,30,299-6577,5024874017242
VP259,Glucosamine & Chondroitin,500/400mg,Tablets,30,299-6569,5024874017259
